seq_id,tm
31390,61.58382
31391,61.58382
31392,57.713017
31393,61.58382
31394,61.58382
31395,61.58382
31396,61.58382
31397,61.58382
31398,61.58382
31399,61.58382
31400,61.58382
31401,61.58382
31402,61.58382
31403,57.713017
31404,61.58382
31405,61.58382
31406,61.58382
31407,61.58382
31408,61.58382
31409,61.58382
31410,61.58382
31411,61.58382
31412,61.58382
31413,61.58382
31414,61.58382
31415,61.58382
31416,61.58382
31417,61.58382
31418,61.58382
31419,61.58382
31420,61.58382
31421,61.58382
31422,61.58382
31423,61.58382
31424,61.58382
31425,61.58382
31426,61.58382
31427,61.58382
31428,61.58382
31429,61.58382
31430,61.58382
31431,61.58382
31432,61.58382
31433,61.58382
31434,61.58382
31435,61.58382
31436,61.58382
31437,61.58382
31438,61.58382
31439,61.58382
31440,61.58382
31441,61.58382
31442,61.58382
31443,61.58382
31444,61.58382
31445,61.58382
31446,57.713017
31447,61.58382
31448,61.58382
31449,61.58382
31450,61.58382
31451,61.58382
31452,61.58382
31453,61.58382
31454,61.58382
31455,61.58382
31456,61.58382
31457,61.58382
31458,61.58382
31459,61.58382
31460,57.713017
31461,61.58382
31462,61.58382
31463,61.58382
31464,61.58382
31465,61.58382
31466,61.58382
31467,61.58382
31468,61.58382
31469,61.58382
31470,61.58382
31471,61.58382
31472,61.58382
31473,61.58382
31474,57.713017
31475,61.58382
31476,61.58382
31477,61.58382
31478,61.58382
31479,61.58382
31480,57.713017
31481,61.58382
31482,61.58382
31483,61.58382
31484,61.58382
31485,61.58382
31486,61.58382
31487,61.58382
31488,61.58382
31489,61.58382
31490,61.58382
31491,61.58382
31492,61.58382
31493,61.58382
31494,61.58382
31495,57.713017
31496,61.58382
31497,61.58382
31498,61.58382
31499,61.58382
31500,61.58382
31501,61.58382
31502,61.58382
31503,61.58382
31504,61.58382
31505,61.58382
31506,61.58382
31507,61.58382
31508,61.58382
31509,61.58382
31510,61.58382
31511,61.58382
31512,61.58382
31513,61.58382
31514,61.58382
31515,61.58382
31516,57.713017
31517,61.58382
31518,61.58382
31519,61.58382
31520,61.58382
31521,61.58382
31522,61.58382
31523,61.58382
31524,61.58382
31525,61.58382
31526,61.58382
31527,61.58382
31528,61.58382
31529,61.58382
31530,61.58382
31531,61.58382
31532,61.58382
31533,61.58382
31534,61.58382
31535,61.58382
31536,61.58382
31537,61.58382
31538,61.58382
31539,61.58382
31540,61.58382
31541,61.58382
31542,61.58382
31543,61.58382
31544,61.58382
31545,61.58382
31546,61.58382
31547,61.58382
31548,61.58382
31549,61.58382
31550,61.58382
31551,61.58382
31552,61.58382
31553,61.58382
31554,61.58382
31555,61.58382
31556,61.58382
31557,61.58382
31558,61.58382
31559,61.58382
31560,61.58382
31561,61.58382
31562,61.58382
31563,61.58382
31564,61.58382
31565,61.58382
31566,61.58382
31567,61.58382
31568,61.58382
31569,61.58382
31570,61.58382
31571,61.58382
31572,61.58382
31573,61.58382
31574,61.58382
31575,61.58382
31576,61.58382
31577,61.58382
31578,61.58382
31579,61.58382
31580,61.58382
31581,61.58382
31582,61.58382
31583,61.58382
31584,61.58382
31585,61.58382
31586,61.58382
31587,61.58382
31588,61.58382
31589,61.58382
31590,61.58382
31591,61.58382
31592,61.58382
31593,61.58382
31594,57.713017
31595,61.58382
31596,61.58382
31597,61.58382
31598,61.58382
31599,61.58382
31600,61.58382
31601,61.58382
31602,61.58382
31603,61.58382
31604,61.58382
31605,61.58382
31606,61.58382
31607,61.58382
31608,61.58382
31609,61.58382
31610,61.58382
31611,61.58382
31612,61.58382
31613,61.58382
31614,61.58382
31615,61.58382
31616,61.58382
31617,61.58382
31618,61.58382
31619,61.58382
31620,61.58382
31621,61.58382
31622,61.58382
31623,61.58382
31624,61.58382
31625,61.58382
31626,61.58382
31627,61.58382
31628,61.58382
31629,61.58382
31630,61.58382
31631,61.58382
31632,61.58382
31633,57.713017
31634,61.58382
31635,61.58382
31636,61.58382
31637,61.58382
31638,61.58382
31639,61.58382
31640,61.58382
31641,61.58382
31642,57.713017
31643,61.58382
31644,61.58382
31645,61.58382
31646,61.58382
31647,61.58382
31648,61.58382
31649,61.58382
31650,61.58382
31651,61.58382
31652,61.58382
31653,61.58382
31654,61.58382
31655,61.58382
31656,61.58382
31657,61.58382
31658,61.58382
31659,61.58382
31660,61.58382
31661,61.58382
31662,61.58382
31663,61.58382
31664,61.58382
31665,61.58382
31666,61.58382
31667,61.58382
31668,61.58382
31669,61.58382
31670,61.58382
31671,61.58382
31672,61.58382
31673,61.58382
31674,61.58382
31675,61.58382
31676,61.58382
31677,61.58382
31678,61.58382
31679,61.58382
31680,61.58382
31681,61.58382
31682,61.58382
31683,61.58382
31684,61.58382
31685,61.58382
31686,61.58382
31687,61.58382
31688,61.58382
31689,61.58382
31690,61.58382
31691,61.58382
31692,61.58382
31693,61.58382
31694,61.58382
31695,61.58382
31696,61.58382
31697,61.58382
31698,61.58382
31699,61.58382
31700,61.58382
31701,61.58382
31702,61.58382
31703,57.713017
31704,61.58382
31705,61.58382
31706,61.58382
31707,61.58382
31708,61.58382
31709,61.58382
31710,61.58382
31711,61.58382
31712,61.58382
31713,61.58382
31714,61.58382
31715,61.58382
31716,61.58382
31717,61.58382
31718,61.58382
31719,61.58382
31720,61.58382
31721,57.713017
31722,61.58382
31723,61.58382
31724,61.58382
31725,57.713017
31726,61.58382
31727,61.58382
31728,61.58382
31729,61.58382
31730,61.58382
31731,61.58382
31732,61.58382
31733,61.58382
31734,61.58382
31735,61.58382
31736,61.58382
31737,61.58382
31738,61.58382
31739,61.58382
31740,61.58382
31741,61.58382
31742,61.58382
31743,61.58382
31744,61.58382
31745,61.58382
31746,61.58382
31747,61.58382
31748,61.58382
31749,57.713017
31750,61.58382
31751,61.58382
31752,61.58382
31753,61.58382
31754,61.58382
31755,61.58382
31756,61.58382
31757,61.58382
31758,61.58382
31759,61.58382
31760,61.58382
31761,61.58382
31762,61.58382
31763,61.58382
31764,61.58382
31765,61.58382
31766,61.58382
31767,61.58382
31768,61.58382
31769,61.58382
31770,61.58382
31771,61.58382
31772,61.58382
31773,61.58382
31774,57.713017
31775,61.58382
31776,61.58382
31777,61.58382
31778,61.58382
31779,61.58382
31780,61.58382
31781,61.58382
31782,61.58382
31783,61.58382
31784,61.58382
31785,61.58382
31786,61.58382
31787,61.58382
31788,61.58382
31789,61.58382
31790,61.58382
31791,61.58382
31792,61.58382
31793,61.58382
31794,57.713017
31795,61.58382
31796,61.58382
31797,61.58382
31798,61.58382
31799,61.58382
31800,61.58382
31801,61.58382
31802,61.58382
31803,61.58382
31804,61.58382
31805,61.58382
31806,61.58382
31807,61.58382
31808,61.58382
31809,61.58382
31810,61.58382
31811,61.58382
31812,61.58382
31813,61.58382
31814,61.58382
31815,61.58382
31816,61.58382
31817,61.58382
31818,61.58382
31819,61.58382
31820,61.58382
31821,61.58382
31822,61.58382
31823,61.58382
31824,61.58382
31825,61.58382
31826,61.58382
31827,61.58382
31828,61.58382
31829,61.58382
31830,61.58382
31831,61.58382
31832,61.58382
31833,61.58382
31834,61.58382
31835,61.58382
31836,61.58382
31837,61.58382
31838,61.58382
31839,61.58382
31840,61.58382
31841,61.58382
31842,61.58382
31843,61.58382
31844,61.58382
31845,61.58382
31846,61.58382
31847,61.58382
31848,61.58382
31849,61.58382
31850,61.58382
31851,61.58382
31852,61.58382
31853,61.58382
31854,61.58382
31855,61.58382
31856,61.58382
31857,61.58382
31858,61.58382
31859,61.58382
31860,61.58382
31861,61.58382
31862,61.58382
31863,61.58382
31864,61.58382
31865,61.58382
31866,61.58382
31867,61.58382
31868,61.58382
31869,61.58382
31870,61.58382
31871,61.58382
31872,61.58382
31873,61.58382
31874,61.58382
31875,61.58382
31876,61.58382
31877,61.58382
31878,61.58382
31879,61.58382
31880,61.58382
31881,61.58382
31882,61.58382
31883,61.58382
31884,61.58382
31885,61.58382
31886,61.58382
31887,61.58382
31888,61.58382
31889,61.58382
31890,61.58382
31891,61.58382
31892,61.58382
31893,61.58382
31894,61.58382
31895,61.58382
31896,61.58382
31897,61.58382
31898,61.58382
31899,61.58382
31900,61.58382
31901,61.58382
31902,61.58382
31903,61.58382
31904,61.58382
31905,61.58382
31906,61.58382
31907,61.58382
31908,61.58382
31909,61.58382
31910,61.58382
31911,61.58382
31912,61.58382
31913,61.58382
31914,61.58382
31915,61.58382
31916,61.58382
31917,61.58382
31918,61.58382
31919,61.58382
31920,61.58382
31921,61.58382
31922,61.58382
31923,61.58382
31924,61.58382
31925,61.58382
31926,61.58382
31927,61.58382
31928,61.58382
31929,61.58382
31930,61.58382
31931,61.58382
31932,57.713017
31933,61.58382
31934,61.58382
31935,61.58382
31936,61.58382
31937,61.58382
31938,61.58382
31939,61.58382
31940,61.58382
31941,61.58382
31942,61.58382
31943,61.58382
31944,61.58382
31945,61.58382
31946,61.58382
31947,61.58382
31948,61.58382
31949,61.58382
31950,61.58382
31951,61.58382
31952,61.58382
31953,61.58382
31954,61.58382
31955,61.58382
31956,61.58382
31957,61.58382
31958,61.58382
31959,61.58382
31960,61.58382
31961,61.58382
31962,61.58382
31963,61.58382
31964,61.58382
31965,61.58382
31966,61.58382
31967,61.58382
31968,61.58382
31969,61.58382
31970,61.58382
31971,61.58382
31972,61.58382
31973,61.58382
31974,61.58382
31975,61.58382
31976,61.58382
31977,61.58382
31978,61.58382
31979,61.58382
31980,61.58382
31981,57.713017
31982,61.58382
31983,61.58382
31984,61.58382
31985,61.58382
31986,61.58382
31987,61.58382
31988,61.58382
31989,61.58382
31990,61.58382
31991,61.58382
31992,61.58382
31993,61.58382
31994,61.58382
31995,61.58382
31996,61.58382
31997,61.58382
31998,61.58382
31999,61.58382
32000,61.58382
32001,61.58382
32002,61.58382
32003,61.58382
32004,61.58382
32005,61.58382
32006,61.58382
32007,61.58382
32008,61.58382
32009,61.58382
32010,61.58382
32011,61.58382
32012,61.58382
32013,61.58382
32014,61.58382
32015,61.58382
32016,61.58382
32017,61.58382
32018,61.58382
32019,61.58382
32020,61.58382
32021,61.58382
32022,61.58382
32023,61.58382
32024,61.58382
32025,61.58382
32026,61.58382
32027,57.713017
32028,61.58382
32029,61.58382
32030,61.58382
32031,61.58382
32032,61.58382
32033,61.58382
32034,61.58382
32035,61.58382
32036,61.58382
32037,61.58382
32038,61.58382
32039,61.58382
32040,61.58382
32041,61.58382
32042,61.58382
32043,61.58382
32044,61.58382
32045,61.58382
32046,61.58382
32047,61.58382
32048,61.58382
32049,61.58382
32050,61.58382
32051,61.58382
32052,61.58382
32053,61.58382
32054,57.713017
32055,61.58382
32056,61.58382
32057,61.58382
32058,61.58382
32059,61.58382
32060,61.58382
32061,61.58382
32062,61.58382
32063,61.58382
32064,61.58382
32065,61.58382
32066,61.58382
32067,61.58382
32068,61.58382
32069,61.58382
32070,61.58382
32071,61.58382
32072,57.713017
32073,61.58382
32074,61.58382
32075,61.58382
32076,61.58382
32077,61.58382
32078,61.58382
32079,61.58382
32080,57.713017
32081,61.58382
32082,61.58382
32083,61.58382
32084,61.58382
32085,61.58382
32086,61.58382
32087,61.58382
32088,61.58382
32089,61.58382
32090,61.58382
32091,61.58382
32092,61.58382
32093,61.58382
32094,61.58382
32095,61.58382
32096,61.58382
32097,57.713017
32098,61.58382
32099,61.58382
32100,61.58382
32101,57.713017
32102,61.58382
32103,61.58382
32104,61.58382
32105,61.58382
32106,61.58382
32107,61.58382
32108,61.58382
32109,61.58382
32110,61.58382
32111,61.58382
32112,61.58382
32113,61.58382
32114,61.58382
32115,61.58382
32116,61.58382
32117,61.58382
32118,61.58382
32119,61.58382
32120,61.58382
32121,61.58382
32122,61.58382
32123,57.713017
32124,61.58382
32125,61.58382
32126,61.58382
32127,61.58382
32128,61.58382
32129,61.58382
32130,61.58382
32131,61.58382
32132,61.58382
32133,61.58382
32134,61.58382
32135,61.58382
32136,61.58382
32137,61.58382
32138,61.58382
32139,61.58382
32140,61.58382
32141,61.58382
32142,61.58382
32143,61.58382
32144,61.58382
32145,61.58382
32146,61.58382
32147,61.58382
32148,61.58382
32149,61.58382
32150,57.713017
32151,61.58382
32152,61.58382
32153,61.58382
32154,61.58382
32155,61.58382
32156,61.58382
32157,61.58382
32158,61.58382
32159,61.58382
32160,61.58382
32161,61.58382
32162,61.58382
32163,61.58382
32164,61.58382
32165,61.58382
32166,61.58382
32167,61.58382
32168,61.58382
32169,61.58382
32170,61.58382
32171,61.58382
32172,61.58382
32173,61.58382
32174,61.58382
32175,61.58382
32176,61.58382
32177,61.58382
32178,61.58382
32179,61.58382
32180,61.58382
32181,61.58382
32182,61.58382
32183,61.58382
32184,61.58382
32185,61.58382
32186,61.58382
32187,61.58382
32188,61.58382
32189,57.713017
32190,61.58382
32191,61.58382
32192,61.58382
32193,61.58382
32194,61.58382
32195,61.58382
32196,61.58382
32197,61.58382
32198,61.58382
32199,61.58382
32200,57.713017
32201,61.58382
32202,61.58382
32203,61.58382
32204,61.58382
32205,61.58382
32206,61.58382
32207,61.58382
32208,61.58382
32209,61.58382
32210,61.58382
32211,61.58382
32212,61.58382
32213,61.58382
32214,61.58382
32215,61.58382
32216,61.58382
32217,61.58382
32218,61.58382
32219,61.58382
32220,61.58382
32221,57.713017
32222,61.58382
32223,61.58382
32224,61.58382
32225,61.58382
32226,61.58382
32227,61.58382
32228,61.58382
32229,61.58382
32230,61.58382
32231,61.58382
32232,61.58382
32233,61.58382
32234,61.58382
32235,61.58382
32236,61.58382
32237,61.58382
32238,61.58382
32239,57.713017
32240,61.58382
32241,61.58382
32242,61.58382
32243,61.58382
32244,61.58382
32245,61.58382
32246,61.58382
32247,61.58382
32248,61.58382
32249,61.58382
32250,61.58382
32251,61.58382
32252,61.58382
32253,57.713017
32254,61.58382
32255,61.58382
32256,61.58382
32257,61.58382
32258,61.58382
32259,61.58382
32260,61.58382
32261,57.713017
32262,61.58382
32263,61.58382
32264,61.58382
32265,61.58382
32266,61.58382
32267,61.58382
32268,61.58382
32269,57.713017
32270,61.58382
32271,61.58382
32272,61.58382
32273,61.58382
32274,61.58382
32275,61.58382
32276,61.58382
32277,61.58382
32278,61.58382
32279,61.58382
32280,61.58382
32281,61.58382
32282,61.58382
32283,61.58382
32284,61.58382
32285,61.58382
32286,61.58382
32287,61.58382
32288,61.58382
32289,61.58382
32290,61.58382
32291,61.58382
32292,61.58382
32293,61.58382
32294,57.713017
32295,61.58382
32296,61.58382
32297,61.58382
32298,61.58382
32299,61.58382
32300,61.58382
32301,61.58382
32302,61.58382
32303,61.58382
32304,57.713017
32305,61.58382
32306,61.58382
32307,61.58382
32308,61.58382
32309,61.58382
32310,61.58382
32311,61.58382
32312,61.58382
32313,61.58382
32314,61.58382
32315,61.58382
32316,61.58382
32317,61.58382
32318,61.58382
32319,61.58382
32320,61.58382
32321,61.58382
32322,61.58382
32323,61.58382
32324,61.58382
32325,61.58382
32326,61.58382
32327,61.58382
32328,61.58382
32329,61.58382
32330,61.58382
32331,61.58382
32332,61.58382
32333,61.58382
32334,61.58382
32335,61.58382
32336,61.58382
32337,61.58382
32338,61.58382
32339,61.58382
32340,61.58382
32341,61.58382
32342,61.58382
32343,61.58382
32344,61.58382
32345,61.58382
32346,61.58382
32347,61.58382
32348,61.58382
32349,61.58382
32350,61.58382
32351,61.58382
32352,61.58382
32353,61.58382
32354,61.58382
32355,61.58382
32356,61.58382
32357,61.58382
32358,61.58382
32359,61.58382
32360,61.58382
32361,61.58382
32362,61.58382
32363,61.58382
32364,61.58382
32365,61.58382
32366,61.58382
32367,61.58382
32368,61.58382
32369,61.58382
32370,61.58382
32371,61.58382
32372,61.58382
32373,61.58382
32374,61.58382
32375,61.58382
32376,61.58382
32377,61.58382
32378,61.58382
32379,61.58382
32380,61.58382
32381,61.58382
32382,57.713017
32383,61.58382
32384,61.58382
32385,61.58382
32386,61.58382
32387,61.58382
32388,61.58382
32389,61.58382
32390,61.58382
32391,61.58382
32392,61.58382
32393,61.58382
32394,61.58382
32395,61.58382
32396,61.58382
32397,61.58382
32398,61.58382
32399,61.58382
32400,61.58382
32401,61.58382
32402,61.58382
32403,61.58382
32404,61.58382
32405,61.58382
32406,61.58382
32407,61.58382
32408,61.58382
32409,61.58382
32410,61.58382
32411,61.58382
32412,61.58382
32413,61.58382
32414,61.58382
32415,61.58382
32416,61.58382
32417,61.58382
32418,61.58382
32419,61.58382
32420,61.58382
32421,61.58382
32422,61.58382
32423,61.58382
32424,61.58382
32425,61.58382
32426,61.58382
32427,61.58382
32428,61.58382
32429,61.58382
32430,61.58382
32431,61.58382
32432,61.58382
32433,61.58382
32434,61.58382
32435,61.58382
32436,61.58382
32437,61.58382
32438,61.58382
32439,61.58382
32440,61.58382
32441,61.58382
32442,61.58382
32443,61.58382
32444,61.58382
32445,61.58382
32446,61.58382
32447,61.58382
32448,61.58382
32449,61.58382
32450,61.58382
32451,61.58382
32452,61.58382
32453,61.58382
32454,61.58382
32455,61.58382
32456,61.58382
32457,61.58382
32458,61.58382
32459,61.58382
32460,61.58382
32461,61.58382
32462,61.58382
32463,61.58382
32464,61.58382
32465,61.58382
32466,61.58382
32467,61.58382
32468,61.58382
32469,61.58382
32470,61.58382
32471,61.58382
32472,61.58382
32473,61.58382
32474,61.58382
32475,61.58382
32476,61.58382
32477,61.58382
32478,61.58382
32479,61.58382
32480,61.58382
32481,61.58382
32482,61.58382
32483,61.58382
32484,61.58382
32485,61.58382
32486,61.58382
32487,61.58382
32488,61.58382
32489,61.58382
32490,61.58382
32491,61.58382
32492,61.58382
32493,61.58382
32494,61.58382
32495,61.58382
32496,61.58382
32497,61.58382
32498,61.58382
32499,61.58382
32500,61.58382
32501,61.58382
32502,61.58382
32503,61.58382
32504,61.58382
32505,61.58382
32506,61.58382
32507,61.58382
32508,57.713017
32509,61.58382
32510,61.58382
32511,61.58382
32512,57.713017
32513,61.58382
32514,61.58382
32515,61.58382
32516,61.58382
32517,61.58382
32518,61.58382
32519,61.58382
32520,61.58382
32521,61.58382
32522,61.58382
32523,61.58382
32524,61.58382
32525,61.58382
32526,61.58382
32527,61.58382
32528,61.58382
32529,61.58382
32530,61.58382
32531,61.58382
32532,61.58382
32533,61.58382
32534,61.58382
32535,61.58382
32536,61.58382
32537,61.58382
32538,61.58382
32539,61.58382
32540,61.58382
32541,61.58382
32542,61.58382
32543,61.58382
32544,61.58382
32545,61.58382
32546,61.58382
32547,61.58382
32548,61.58382
32549,61.58382
32550,61.58382
32551,61.58382
32552,61.58382
32553,61.58382
32554,61.58382
32555,61.58382
32556,61.58382
32557,61.58382
32558,61.58382
32559,61.58382
32560,61.58382
32561,61.58382
32562,61.58382
32563,61.58382
32564,61.58382
32565,61.58382
32566,61.58382
32567,61.58382
32568,61.58382
32569,61.58382
32570,61.58382
32571,61.58382
32572,61.58382
32573,61.58382
32574,61.58382
32575,61.58382
32576,61.58382
32577,61.58382
32578,61.58382
32579,61.58382
32580,61.58382
32581,61.58382
32582,61.58382
32583,61.58382
32584,61.58382
32585,61.58382
32586,61.58382
32587,61.58382
32588,61.58382
32589,61.58382
32590,61.58382
32591,61.58382
32592,61.58382
32593,61.58382
32594,61.58382
32595,61.58382
32596,61.58382
32597,61.58382
32598,61.58382
32599,61.58382
32600,61.58382
32601,61.58382
32602,61.58382
32603,61.58382
32604,61.58382
32605,61.58382
32606,61.58382
32607,57.713017
32608,61.58382
32609,61.58382
32610,61.58382
32611,61.58382
32612,61.58382
32613,61.58382
32614,61.58382
32615,61.58382
32616,61.58382
32617,61.58382
32618,61.58382
32619,61.58382
32620,61.58382
32621,61.58382
32622,61.58382
32623,61.58382
32624,61.58382
32625,61.58382
32626,61.58382
32627,61.58382
32628,61.58382
32629,61.58382
32630,61.58382
32631,61.58382
32632,61.58382
32633,61.58382
32634,61.58382
32635,61.58382
32636,61.58382
32637,61.58382
32638,61.58382
32639,61.58382
32640,61.58382
32641,61.58382
32642,61.58382
32643,61.58382
32644,61.58382
32645,61.58382
32646,61.58382
32647,61.58382
32648,61.58382
32649,61.58382
32650,61.58382
32651,61.58382
32652,61.58382
32653,61.58382
32654,61.58382
32655,61.58382
32656,57.713017
32657,61.58382
32658,61.58382
32659,61.58382
32660,61.58382
32661,61.58382
32662,61.58382
32663,61.58382
32664,61.58382
32665,61.58382
32666,61.58382
32667,61.58382
32668,61.58382
32669,61.58382
32670,61.58382
32671,61.58382
32672,61.58382
32673,61.58382
32674,61.58382
32675,61.58382
32676,61.58382
32677,61.58382
32678,61.58382
32679,61.58382
32680,61.58382
32681,61.58382
32682,61.58382
32683,61.58382
32684,61.58382
32685,61.58382
32686,61.58382
32687,61.58382
32688,61.58382
32689,61.58382
32690,61.58382
32691,61.58382
32692,61.58382
32693,61.58382
32694,61.58382
32695,61.58382
32696,61.58382
32697,61.58382
32698,61.58382
32699,61.58382
32700,61.58382
32701,61.58382
32702,61.58382
32703,61.58382
32704,61.58382
32705,61.58382
32706,61.58382
32707,61.58382
32708,61.58382
32709,61.58382
32710,61.58382
32711,61.58382
32712,61.58382
32713,61.58382
32714,61.58382
32715,61.58382
32716,61.58382
32717,61.58382
32718,61.58382
32719,61.58382
32720,61.58382
32721,61.58382
32722,61.58382
32723,61.58382
32724,61.58382
32725,61.58382
32726,61.58382
32727,61.58382
32728,61.58382
32729,61.58382
32730,61.58382
32731,61.58382
32732,61.58382
32733,61.58382
32734,57.713017
32735,61.58382
32736,61.58382
32737,61.58382
32738,61.58382
32739,61.58382
32740,61.58382
32741,61.58382
32742,61.58382
32743,61.58382
32744,61.58382
32745,61.58382
32746,61.58382
32747,61.58382
32748,61.58382
32749,61.58382
32750,61.58382
32751,61.58382
32752,61.58382
32753,61.58382
32754,61.58382
32755,61.58382
32756,61.58382
32757,61.58382
32758,57.713017
32759,61.58382
32760,61.58382
32761,61.58382
32762,61.58382
32763,61.58382
32764,61.58382
32765,61.58382
32766,61.58382
32767,61.58382
32768,61.58382
32769,61.58382
32770,61.58382
32771,61.58382
32772,61.58382
32773,61.58382
32774,61.58382
32775,61.58382
32776,61.58382
32777,61.58382
32778,61.58382
32779,61.58382
32780,61.58382
32781,61.58382
32782,61.58382
32783,61.58382
32784,61.58382
32785,61.58382
32786,61.58382
32787,61.58382
32788,61.58382
32789,61.58382
32790,61.58382
32791,61.58382
32792,61.58382
32793,61.58382
32794,61.58382
32795,61.58382
32796,61.58382
32797,61.58382
32798,61.58382
32799,57.713017
32800,61.58382
32801,61.58382
32802,61.58382
32803,61.58382
32804,61.58382
32805,61.58382
32806,61.58382
32807,61.58382
32808,61.58382
32809,61.58382
32810,61.58382
32811,61.58382
32812,61.58382
32813,61.58382
32814,61.58382
32815,61.58382
32816,61.58382
32817,61.58382
32818,57.713017
32819,61.58382
32820,61.58382
32821,61.58382
32822,61.58382
32823,61.58382
32824,61.58382
32825,61.58382
32826,61.58382
32827,61.58382
32828,61.58382
32829,61.58382
32830,61.58382
32831,61.58382
32832,61.58382
32833,61.58382
32834,61.58382
32835,61.58382
32836,57.713017
32837,61.58382
32838,61.58382
32839,61.58382
32840,61.58382
32841,61.58382
32842,61.58382
32843,61.58382
32844,61.58382
32845,61.58382
32846,61.58382
32847,61.58382
32848,61.58382
32849,61.58382
32850,61.58382
32851,61.58382
32852,61.58382
32853,61.58382
32854,61.58382
32855,61.58382
32856,61.58382
32857,61.58382
32858,61.58382
32859,61.58382
32860,61.58382
32861,61.58382
32862,61.58382
32863,61.58382
32864,57.713017
32865,61.58382
32866,61.58382
32867,61.58382
32868,61.58382
32869,61.58382
32870,61.58382
32871,61.58382
32872,61.58382
32873,61.58382
32874,61.58382
32875,61.58382
32876,61.58382
32877,61.58382
32878,57.713017
32879,61.58382
32880,61.58382
32881,61.58382
32882,61.58382
32883,61.58382
32884,61.58382
32885,61.58382
32886,61.58382
32887,61.58382
32888,61.58382
32889,57.713017
32890,61.58382
32891,61.58382
32892,61.58382
32893,61.58382
32894,61.58382
32895,61.58382
32896,61.58382
32897,57.713017
32898,61.58382
32899,61.58382
32900,61.58382
32901,61.58382
32902,61.58382
32903,57.713017
32904,61.58382
32905,61.58382
32906,61.58382
32907,61.58382
32908,61.58382
32909,61.58382
32910,61.58382
32911,61.58382
32912,61.58382
32913,61.58382
32914,61.58382
32915,61.58382
32916,57.713017
32917,61.58382
32918,61.58382
32919,61.58382
32920,61.58382
32921,61.58382
32922,61.58382
32923,61.58382
32924,61.58382
32925,61.58382
32926,61.58382
32927,61.58382
32928,61.58382
32929,61.58382
32930,61.58382
32931,61.58382
32932,61.58382
32933,61.58382
32934,61.58382
32935,61.58382
32936,61.58382
32937,61.58382
32938,61.58382
32939,61.58382
32940,61.58382
32941,61.58382
32942,61.58382
32943,61.58382
32944,61.58382
32945,61.58382
32946,57.713017
32947,61.58382
32948,61.58382
32949,61.58382
32950,61.58382
32951,61.58382
32952,61.58382
32953,61.58382
32954,61.58382
32955,61.58382
32956,61.58382
32957,61.58382
32958,61.58382
32959,61.58382
32960,61.58382
32961,61.58382
32962,61.58382
32963,61.58382
32964,61.58382
32965,61.58382
32966,61.58382
32967,61.58382
32968,61.58382
32969,61.58382
32970,61.58382
32971,61.58382
32972,61.58382
32973,61.58382
32974,61.58382
32975,61.58382
32976,61.58382
32977,61.58382
32978,61.58382
32979,61.58382
32980,61.58382
32981,61.58382
32982,61.58382
32983,61.58382
32984,61.58382
32985,61.58382
32986,61.58382
32987,57.713017
32988,61.58382
32989,61.58382
32990,61.58382
32991,61.58382
32992,61.58382
32993,61.58382
32994,61.58382
32995,61.58382
32996,61.58382
32997,61.58382
32998,61.58382
32999,61.58382
33000,61.58382
33001,61.58382
33002,61.58382
33003,61.58382
33004,61.58382
33005,61.58382
33006,61.58382
33007,61.58382
33008,61.58382
33009,61.58382
33010,61.58382
33011,61.58382
33012,61.58382
33013,61.58382
33014,61.58382
33015,61.58382
33016,61.58382
33017,61.58382
33018,61.58382
33019,57.713017
33020,61.58382
33021,61.58382
33022,61.58382
33023,61.58382
33024,61.58382
33025,61.58382
33026,61.58382
33027,61.58382
33028,61.58382
33029,61.58382
33030,61.58382
33031,61.58382
33032,61.58382
33033,61.58382
33034,61.58382
33035,61.58382
33036,61.58382
33037,61.58382
33038,61.58382
33039,61.58382
33040,57.713017
33041,61.58382
33042,61.58382
33043,61.58382
33044,61.58382
33045,61.58382
33046,61.58382
33047,61.58382
33048,61.58382
33049,61.58382
33050,61.58382
33051,61.58382
33052,61.58382
33053,61.58382
33054,61.58382
33055,61.58382
33056,61.58382
33057,61.58382
33058,61.58382
33059,61.58382
33060,61.58382
33061,61.58382
33062,61.58382
33063,61.58382
33064,61.58382
33065,61.58382
33066,61.58382
33067,61.58382
33068,61.58382
33069,61.58382
33070,57.713017
33071,61.58382
33072,61.58382
33073,61.58382
33074,61.58382
33075,61.58382
33076,61.58382
33077,61.58382
33078,61.58382
33079,61.58382
33080,61.58382
33081,61.58382
33082,61.58382
33083,61.58382
33084,61.58382
33085,61.58382
33086,61.58382
33087,61.58382
33088,61.58382
33089,61.58382
33090,61.58382
33091,61.58382
33092,61.58382
33093,61.58382
33094,61.58382
33095,61.58382
33096,61.58382
33097,57.713017
33098,61.58382
33099,61.58382
33100,61.58382
33101,61.58382
33102,61.58382
33103,61.58382
33104,61.58382
33105,61.58382
33106,61.58382
33107,61.58382
33108,61.58382
33109,61.58382
33110,61.58382
33111,61.58382
33112,61.58382
33113,61.58382
33114,61.58382
33115,61.58382
33116,61.58382
33117,61.58382
33118,61.58382
33119,61.58382
33120,61.58382
33121,61.58382
33122,61.58382
33123,61.58382
33124,61.58382
33125,61.58382
33126,61.58382
33127,61.58382
33128,61.58382
33129,61.58382
33130,61.58382
33131,61.58382
33132,61.58382
33133,61.58382
33134,61.58382
33135,61.58382
33136,57.713017
33137,61.58382
33138,61.58382
33139,61.58382
33140,61.58382
33141,61.58382
33142,61.58382
33143,61.58382
33144,61.58382
33145,61.58382
33146,61.58382
33147,61.58382
33148,61.58382
33149,61.58382
33150,61.58382
33151,61.58382
33152,61.58382
33153,61.58382
33154,61.58382
33155,61.58382
33156,61.58382
33157,61.58382
33158,61.58382
33159,61.58382
33160,61.58382
33161,61.58382
33162,61.58382
33163,61.58382
33164,61.58382
33165,61.58382
33166,61.58382
33167,61.58382
33168,61.58382
33169,61.58382
33170,61.58382
33171,61.58382
33172,61.58382
33173,61.58382
33174,61.58382
33175,61.58382
33176,61.58382
33177,61.58382
33178,61.58382
33179,61.58382
33180,61.58382
33181,61.58382
33182,61.58382
33183,61.58382
33184,61.58382
33185,61.58382
33186,61.58382
33187,61.58382
33188,61.58382
33189,61.58382
33190,61.58382
33191,61.58382
33192,61.58382
33193,61.58382
33194,61.58382
33195,61.58382
33196,61.58382
33197,61.58382
33198,61.58382
33199,61.58382
33200,61.58382
33201,61.58382
33202,61.58382
33203,61.58382
33204,61.58382
33205,61.58382
33206,61.58382
33207,61.58382
33208,61.58382
33209,61.58382
33210,61.58382
33211,61.58382
33212,61.58382
33213,61.58382
33214,61.58382
33215,61.58382
33216,61.58382
33217,61.58382
33218,61.58382
33219,61.58382
33220,61.58382
33221,61.58382
33222,61.58382
33223,61.58382
33224,61.58382
33225,61.58382
33226,57.713017
33227,61.58382
33228,61.58382
33229,61.58382
33230,61.58382
33231,61.58382
33232,61.58382
33233,61.58382
33234,61.58382
33235,61.58382
33236,61.58382
33237,61.58382
33238,61.58382
33239,61.58382
33240,61.58382
33241,61.58382
33242,61.58382
33243,61.58382
33244,61.58382
33245,61.58382
33246,61.58382
33247,61.58382
33248,61.58382
33249,61.58382
33250,61.58382
33251,61.58382
33252,61.58382
33253,61.58382
33254,61.58382
33255,61.58382
33256,61.58382
33257,61.58382
33258,61.58382
33259,61.58382
33260,61.58382
33261,61.58382
33262,61.58382
33263,61.58382
33264,61.58382
33265,61.58382
33266,61.58382
33267,61.58382
33268,61.58382
33269,61.58382
33270,61.58382
33271,61.58382
33272,61.58382
33273,61.58382
33274,57.713017
33275,61.58382
33276,61.58382
33277,61.58382
33278,61.58382
33279,61.58382
33280,61.58382
33281,61.58382
33282,61.58382
33283,61.58382
33284,61.58382
33285,61.58382
33286,61.58382
33287,61.58382
33288,61.58382
33289,61.58382
33290,61.58382
33291,61.58382
33292,61.58382
33293,61.58382
33294,61.58382
33295,61.58382
33296,61.58382
33297,61.58382
33298,61.58382
33299,61.58382
33300,61.58382
33301,61.58382
33302,61.58382
33303,61.58382
33304,61.58382
33305,61.58382
33306,61.58382
33307,61.58382
33308,61.58382
33309,61.58382
33310,61.58382
33311,61.58382
33312,61.58382
33313,61.58382
33314,61.58382
33315,61.58382
33316,61.58382
33317,61.58382
33318,61.58382
33319,61.58382
33320,61.58382
33321,61.58382
33322,61.58382
33323,61.58382
33324,61.58382
33325,61.58382
33326,61.58382
33327,61.58382
33328,61.58382
33329,61.58382
33330,61.58382
33331,61.58382
33332,61.58382
33333,61.58382
33334,61.58382
33335,61.58382
33336,61.58382
33337,61.58382
33338,61.58382
33339,61.58382
33340,61.58382
33341,61.58382
33342,61.58382
33343,57.713017
33344,61.58382
33345,61.58382
33346,61.58382
33347,61.58382
33348,61.58382
33349,61.58382
33350,61.58382
33351,61.58382
33352,61.58382
33353,61.58382
33354,61.58382
33355,57.713017
33356,61.58382
33357,61.58382
33358,61.58382
33359,61.58382
33360,61.58382
33361,61.58382
33362,61.58382
33363,61.58382
33364,61.58382
33365,61.58382
33366,61.58382
33367,57.713017
33368,61.58382
33369,61.58382
33370,61.58382
33371,61.58382
33372,61.58382
33373,61.58382
33374,61.58382
33375,57.713017
33376,61.58382
33377,61.58382
33378,61.58382
33379,61.58382
33380,61.58382
33381,61.58382
33382,61.58382
33383,61.58382
33384,61.58382
33385,61.58382
33386,61.58382
33387,61.58382
33388,61.58382
33389,61.58382
33390,57.713017
33391,61.58382
33392,61.58382
33393,61.58382
33394,61.58382
33395,61.58382
33396,61.58382
33397,61.58382
33398,61.58382
33399,61.58382
33400,61.58382
33401,61.58382
33402,61.58382
33403,61.58382
33404,61.58382
33405,61.58382
33406,61.58382
33407,61.58382
33408,61.58382
33409,61.58382
33410,61.58382
33411,61.58382
33412,61.58382
33413,61.58382
33414,61.58382
33415,61.58382
33416,61.58382
33417,61.58382
33418,61.58382
33419,61.58382
33420,61.58382
33421,61.58382
33422,61.58382
33423,61.58382
33424,61.58382
33425,61.58382
33426,61.58382
33427,61.58382
33428,61.58382
33429,61.58382
33430,61.58382
33431,61.58382
33432,61.58382
33433,61.58382
33434,61.58382
33435,61.58382
33436,61.58382
33437,61.58382
33438,61.58382
33439,61.58382
33440,61.58382
33441,61.58382
33442,61.58382
33443,61.58382
33444,61.58382
33445,61.58382
33446,61.58382
33447,61.58382
33448,61.58382
33449,61.58382
33450,61.58382
33451,61.58382
33452,61.58382
33453,61.58382
33454,61.58382
33455,61.58382
33456,61.58382
33457,61.58382
33458,61.58382
33459,61.58382
33460,61.58382
33461,61.58382
33462,61.58382
33463,61.58382
33464,61.58382
33465,61.58382
33466,61.58382
33467,61.58382
33468,61.58382
33469,61.58382
33470,61.58382
33471,61.58382
33472,61.58382
33473,61.58382
33474,61.58382
33475,61.58382
33476,61.58382
33477,61.58382
33478,61.58382
33479,61.58382
33480,61.58382
33481,61.58382
33482,57.713017
33483,61.58382
33484,57.713017
33485,61.58382
33486,61.58382
33487,61.58382
33488,61.58382
33489,61.58382
33490,61.58382
33491,61.58382
33492,61.58382
33493,61.58382
33494,61.58382
33495,61.58382
33496,61.58382
33497,61.58382
33498,61.58382
33499,61.58382
33500,61.58382
33501,61.58382
33502,61.58382
33503,61.58382
33504,61.58382
33505,57.713017
33506,61.58382
33507,61.58382
33508,61.58382
33509,61.58382
33510,61.58382
33511,61.58382
33512,61.58382
33513,61.58382
33514,61.58382
33515,61.58382
33516,61.58382
33517,61.58382
33518,61.58382
33519,61.58382
33520,61.58382
33521,61.58382
33522,61.58382
33523,61.58382
33524,61.58382
33525,61.58382
33526,61.58382
33527,61.58382
33528,61.58382
33529,61.58382
33530,61.58382
33531,61.58382
33532,61.58382
33533,61.58382
33534,61.58382
33535,61.58382
33536,61.58382
33537,61.58382
33538,61.58382
33539,61.58382
33540,61.58382
33541,61.58382
33542,61.58382
33543,61.58382
33544,61.58382
33545,61.58382
33546,61.58382
33547,61.58382
33548,61.58382
33549,61.58382
33550,61.58382
33551,61.58382
33552,61.58382
33553,61.58382
33554,61.58382
33555,61.58382
33556,61.58382
33557,61.58382
33558,61.58382
33559,61.58382
33560,61.58382
33561,61.58382
33562,61.58382
33563,61.58382
33564,61.58382
33565,61.58382
33566,61.58382
33567,61.58382
33568,61.58382
33569,61.58382
33570,61.58382
33571,61.58382
33572,61.58382
33573,61.58382
33574,61.58382
33575,61.58382
33576,61.58382
33577,61.58382
33578,61.58382
33579,61.58382
33580,61.58382
33581,61.58382
33582,61.58382
33583,61.58382
33584,61.58382
33585,61.58382
33586,61.58382
33587,61.58382
33588,61.58382
33589,61.58382
33590,61.58382
33591,61.58382
33592,61.58382
33593,61.58382
33594,61.58382
33595,61.58382
33596,61.58382
33597,61.58382
33598,61.58382
33599,57.713017
33600,61.58382
33601,61.58382
33602,61.58382
33603,61.58382
33604,61.58382
33605,61.58382
33606,61.58382
33607,61.58382
33608,61.58382
33609,61.58382
33610,61.58382
33611,61.58382
33612,61.58382
33613,61.58382
33614,61.58382
33615,61.58382
33616,61.58382
33617,61.58382
33618,61.58382
33619,61.58382
33620,61.58382
33621,61.58382
33622,61.58382
33623,61.58382
33624,61.58382
33625,61.58382
33626,61.58382
33627,61.58382
33628,61.58382
33629,61.58382
33630,61.58382
33631,61.58382
33632,61.58382
33633,61.58382
33634,61.58382
33635,61.58382
33636,61.58382
33637,61.58382
33638,61.58382
33639,61.58382
33640,61.58382
33641,61.58382
33642,61.58382
33643,61.58382
33644,61.58382
33645,61.58382
33646,61.58382
33647,61.58382
33648,61.58382
33649,57.713017
33650,61.58382
33651,61.58382
33652,61.58382
33653,61.58382
33654,61.58382
33655,61.58382
33656,61.58382
33657,61.58382
33658,61.58382
33659,61.58382
33660,61.58382
33661,61.58382
33662,61.58382
33663,61.58382
33664,61.58382
33665,61.58382
33666,61.58382
33667,61.58382
33668,61.58382
33669,61.58382
33670,61.58382
33671,61.58382
33672,61.58382
33673,61.58382
33674,61.58382
33675,61.58382
33676,61.58382
33677,61.58382
33678,61.58382
33679,61.58382
33680,61.58382
33681,61.58382
33682,61.58382
33683,61.58382
33684,61.58382
33685,61.58382
33686,61.58382
33687,61.58382
33688,61.58382
33689,61.58382
33690,61.58382
33691,61.58382
33692,61.58382
33693,61.58382
33694,61.58382
33695,61.58382
33696,61.58382
33697,61.58382
33698,57.713017
33699,61.58382
33700,61.58382
33701,61.58382
33702,61.58382
33703,61.58382
33704,61.58382
33705,61.58382
33706,61.58382
33707,61.58382
33708,61.58382
33709,61.58382
33710,61.58382
33711,61.58382
33712,61.58382
33713,61.58382
33714,61.58382
33715,61.58382
33716,61.58382
33717,61.58382
33718,61.58382
33719,61.58382
33720,61.58382
33721,61.58382
33722,61.58382
33723,61.58382
33724,61.58382
33725,61.58382
33726,61.58382
33727,61.58382
33728,61.58382
33729,61.58382
33730,57.713017
33731,61.58382
33732,61.58382
33733,61.58382
33734,61.58382
33735,61.58382
33736,61.58382
33737,57.713017
33738,61.58382
33739,61.58382
33740,61.58382
33741,61.58382
33742,61.58382
33743,61.58382
33744,61.58382
33745,61.58382
33746,61.58382
33747,61.58382
33748,61.58382
33749,61.58382
33750,61.58382
33751,61.58382
33752,61.58382
33753,57.713017
33754,61.58382
33755,61.58382
33756,61.58382
33757,61.58382
33758,61.58382
33759,61.58382
33760,61.58382
33761,61.58382
33762,61.58382
33763,61.58382
33764,61.58382
33765,61.58382
33766,61.58382
33767,61.58382
33768,61.58382
33769,61.58382
33770,61.58382
33771,57.713017
33772,61.58382
33773,61.58382
33774,61.58382
33775,61.58382
33776,61.58382
33777,61.58382
33778,61.58382
33779,61.58382
33780,61.58382
33781,61.58382
33782,61.58382
33783,61.58382
33784,57.713017
33785,61.58382
33786,61.58382
33787,61.58382
33788,61.58382
33789,61.58382
33790,61.58382
33791,61.58382
33792,61.58382
33793,61.58382
33794,61.58382
33795,61.58382
33796,61.58382
33797,61.58382
33798,61.58382
33799,61.58382
33800,61.58382
33801,61.58382
33802,61.58382
